Metric,Value
Loss,1.320476770401001
Accuracy,0.813077449798584
